-- --------------------------------------------------------
-- Host:                         127.0.0.1
-- Versión del servidor:         10.11.2-MariaDB - mariadb.org binary distribution
-- SO del servidor:              Win64
-- HeidiSQL Versión:             11.3.0.6295
-- --------------------------------------------------------

/*!40101 SET @OLD_CHARACTER_SET_CLIENT=@@CHARACTER_SET_CLIENT */;
/*!40101 SET NAMES utf8 */;
/*!50503 SET NAMES utf8mb4 */;
/*!40014 SET @OLD_FOREIGN_KEY_CHECKS=@@FOREIGN_KEY_CHECKS, FOREIGN_KEY_CHECKS=0 */;
/*!40101 SET @OLD_SQL_MODE=@@SQL_MODE, SQL_MODE='NO_AUTO_VALUE_ON_ZERO' */;
/*!40111 SET @OLD_SQL_NOTES=@@SQL_NOTES, SQL_NOTES=0 */;


-- Volcando estructura de base de datos para musala
CREATE DATABASE IF NOT EXISTS `musala` /*!40100 DEFAULT CHARACTER SET utf8mb4 COLLATE utf8mb4_unicode_ci */;
USE `musala`;

-- Volcando estructura para tabla musala.config
CREATE TABLE IF NOT EXISTS `config` (
  `id` int(11) NOT NULL AUTO_INCREMENT,
  `key` char(50) NOT NULL,
  `value` char(50) NOT NULL,
  PRIMARY KEY (`id`)
) ENGINE=InnoDB AUTO_INCREMENT=2 DEFAULT CHARSET=utf8mb4 COLLATE=utf8mb4_unicode_ci COMMENT='Some configurations';

-- Volcando datos para la tabla musala.config: ~1 rows (aproximadamente)
DELETE FROM `config`;
/*!40000 ALTER TABLE `config` DISABLE KEYS */;
INSERT INTO `config` (`id`, `key`, `value`) VALUES
	(1, 'time_to_log', '10000');
/*!40000 ALTER TABLE `config` ENABLE KEYS */;

-- Volcando estructura para tabla musala.drone
CREATE TABLE IF NOT EXISTS `drone` (
  `id` int(10) NOT NULL AUTO_INCREMENT,
  `serial_number` char(100) NOT NULL COMMENT '100 characters max',
  `model` int(11) NOT NULL,
  `weight_limit` float NOT NULL DEFAULT 0,
  `battery_capacity` float NOT NULL,
  `state` int(11) NOT NULL,
  PRIMARY KEY (`id`),
  UNIQUE KEY `serial_number` (`serial_number`),
  KEY `state` (`state`),
  KEY `FK_drone_model` (`model`),
  CONSTRAINT `FK_drone_model` FOREIGN KEY (`model`) REFERENCES `model` (`id`) ON DELETE NO ACTION ON UPDATE NO ACTION,
  CONSTRAINT `FK_drone_state` FOREIGN KEY (`state`) REFERENCES `state` (`id`) ON DELETE NO ACTION ON UPDATE NO ACTION
) ENGINE=InnoDB AUTO_INCREMENT=18 DEFAULT CHARSET=utf8mb4 COLLATE=utf8mb4_unicode_ci COMMENT='// from 0 to 10\r\nserial number (100 characters max);\r\nmodel (Lightweight, Middleweight, Cruiserweight, Heavyweight);\r\nweight limit (500gr max);\r\nbattery capacity (percentage);\r\nstate (IDLE, LOADING, LOADED, DELIVERING, DELIVERED, RETURNING).\r\n';

-- Volcando datos para la tabla musala.drone: ~8 rows (aproximadamente)
DELETE FROM `drone`;
/*!40000 ALTER TABLE `drone` DISABLE KEYS */;
INSERT INTO `drone` (`id`, `serial_number`, `model`, `weight_limit`, `battery_capacity`, `state`) VALUES
	(1, 'sdfs-456', 1, 140, 10, 1),
	(2, 'ert_ert', 4, 500, 20, 6),
	(3, 'cgfg', 3, 450, 45, 3),
	(4, 'cgfg3', 2, 345, 33, 2),
	(7, 'cgfg8', 3, 240, 50, 3),
	(13, 'fghf', 2, 500, 98, 6),
	(15, 'fghfu7', 2, 500, 98, 6),
	(16, 'd-45a', 4, 500, 50, 6);
/*!40000 ALTER TABLE `drone` ENABLE KEYS */;

-- Volcando estructura para tabla musala.drone_log
CREATE TABLE IF NOT EXISTS `drone_log` (
  `id` int(11) NOT NULL AUTO_INCREMENT,
  `drone_id` int(10) NOT NULL,
  `battery_log` int(11) NOT NULL,
  `update` datetime DEFAULT NULL,
  PRIMARY KEY (`id`),
  KEY `FK__dron` (`drone_id`) USING BTREE,
  CONSTRAINT `FK_drone_log_drone` FOREIGN KEY (`drone_id`) REFERENCES `drone` (`id`) ON DELETE NO ACTION ON UPDATE NO ACTION
) ENGINE=InnoDB AUTO_INCREMENT=554 DEFAULT CHARSET=utf8mb4 COLLATE=utf8mb4_unicode_ci;

-- Volcando datos para la tabla musala.drone_log: ~553 rows (aproximadamente)
DELETE FROM `drone_log`;
/*!40000 ALTER TABLE `drone_log` DISABLE KEYS */;
INSERT INTO `drone_log` (`id`, `drone_id`, `battery_log`, `update`) VALUES
	(1, 2, 20, '2023-07-16 08:57:42'),
	(2, 2, 20, '2023-07-16 08:57:42'),
	(3, 2, 20, '2023-07-16 08:57:44'),
	(4, 2, 20, '2023-07-16 08:57:43'),
	(5, 2, 20, '2023-07-16 08:57:43'),
	(6, 2, 20, '2023-07-16 08:57:43'),
	(7, 2, 20, '2023-07-16 08:57:44'),
	(8, 2, 20, '2023-07-16 08:57:44'),
	(9, 13, 98, '2023-07-16 08:57:45'),
	(10, 2, 20, '2023-07-16 08:57:45'),
	(11, 2, 20, '2023-07-16 08:57:46'),
	(12, 13, 98, '2023-07-16 08:57:45'),
	(13, 2, 20, '2023-07-16 08:57:46'),
	(14, 2, 20, '2023-07-16 08:57:46'),
	(15, 2, 20, '2023-07-16 08:57:47'),
	(16, 2, 20, '2023-07-16 08:57:48'),
	(17, 2, 20, '2023-07-16 08:57:49'),
	(18, 2, 20, '2023-07-16 08:57:48'),
	(19, 2, 20, '2023-07-16 08:57:49'),
	(20, 2, 20, '2023-07-16 08:57:49'),
	(21, 2, 20, '2023-07-16 08:57:50'),
	(22, 2, 20, '2023-07-16 08:57:50'),
	(23, 2, 20, '2023-07-16 08:57:50'),
	(24, 2, 20, '2023-07-16 08:57:51'),
	(25, 2, 20, '2023-07-16 08:57:51'),
	(26, 13, 98, '2023-07-16 08:57:52'),
	(27, 2, 20, '2023-07-16 08:57:51'),
	(28, 2, 20, '2023-07-16 08:57:53'),
	(29, 2, 20, '2023-07-16 08:57:52'),
	(30, 2, 20, '2023-07-16 08:57:53'),
	(31, 13, 98, '2023-07-16 08:57:52'),
	(32, 2, 20, '2023-07-16 08:57:53'),
	(33, 2, 20, '2023-07-16 08:57:55'),
	(34, 2, 20, '2023-07-16 08:57:54'),
	(35, 2, 20, '2023-07-16 08:57:55'),
	(36, 2, 20, '2023-07-16 08:57:56'),
	(37, 2, 20, '2023-07-16 08:57:56'),
	(38, 2, 20, '2023-07-16 08:57:56'),
	(39, 2, 20, '2023-07-16 08:57:57'),
	(40, 2, 20, '2023-07-16 08:57:57'),
	(41, 2, 20, '2023-07-16 08:57:58'),
	(42, 2, 20, '2023-07-16 08:57:57'),
	(43, 2, 20, '2023-07-16 08:57:58'),
	(44, 2, 20, '2023-07-16 08:57:58'),
	(45, 2, 20, '2023-07-16 08:57:59'),
	(46, 13, 98, '2023-07-16 08:57:59'),
	(47, 13, 98, '2023-07-16 08:58:00'),
	(48, 2, 20, '2023-07-16 08:58:01'),
	(49, 15, 98, '2023-07-16 08:57:59'),
	(50, 13, 98, '2023-07-16 08:58:00'),
	(51, 2, 20, '2023-07-16 08:58:02'),
	(52, 2, 20, '2023-07-16 08:58:02'),
	(53, 2, 20, '2023-07-16 08:58:03'),
	(54, 2, 20, '2023-07-16 08:58:03'),
	(55, 2, 20, '2023-07-16 08:58:02'),
	(56, 2, 20, '2023-07-16 08:58:03'),
	(57, 15, 98, '2023-07-16 08:58:04'),
	(58, 13, 98, '2023-07-16 08:58:04'),
	(59, 13, 98, '2023-07-16 08:58:06'),
	(60, 13, 98, '2023-07-16 08:58:05'),
	(61, 13, 98, '2023-07-16 08:58:04'),
	(62, 13, 98, '2023-07-16 08:58:05'),
	(63, 15, 98, '2023-07-16 08:58:05'),
	(64, 13, 98, '2023-07-16 08:58:06'),
	(65, 15, 98, '2023-07-16 08:58:07'),
	(66, 13, 98, '2023-07-16 08:58:07'),
	(67, 13, 98, '2023-07-16 08:58:07'),
	(68, 15, 98, '2023-07-16 08:58:07'),
	(69, 13, 98, '2023-07-16 08:58:09'),
	(70, 13, 98, '2023-07-16 08:58:09'),
	(71, 13, 98, '2023-07-16 08:58:09'),
	(72, 13, 98, '2023-07-16 08:58:10'),
	(73, 13, 98, '2023-07-16 08:58:10'),
	(74, 13, 98, '2023-07-16 08:58:11'),
	(75, 13, 98, '2023-07-16 08:58:11'),
	(76, 13, 98, '2023-07-16 08:58:11'),
	(77, 13, 98, '2023-07-16 08:58:10'),
	(78, 13, 98, '2023-07-16 08:58:12'),
	(79, 13, 98, '2023-07-16 08:58:12'),
	(80, 13, 98, '2023-07-16 08:58:13'),
	(81, 13, 98, '2023-07-16 08:58:13'),
	(82, 13, 98, '2023-07-16 08:58:13'),
	(83, 13, 98, '2023-07-16 08:58:12'),
	(84, 13, 98, '2023-07-16 08:58:15'),
	(85, 13, 98, '2023-07-16 08:58:15'),
	(86, 13, 98, '2023-07-16 08:58:16'),
	(87, 13, 98, '2023-07-16 08:58:16'),
	(88, 13, 98, '2023-07-16 08:58:14'),
	(89, 13, 98, '2023-07-16 08:58:17'),
	(90, 13, 98, '2023-07-16 08:58:17'),
	(91, 13, 98, '2023-07-16 08:58:16'),
	(92, 15, 98, '2023-07-16 08:58:18'),
	(93, 13, 98, '2023-07-16 08:58:17'),
	(94, 13, 98, '2023-07-16 08:58:19'),
	(95, 13, 98, '2023-07-16 08:58:18'),
	(96, 13, 98, '2023-07-16 08:58:20'),
	(97, 13, 98, '2023-07-16 08:58:18'),
	(98, 15, 98, '2023-07-16 08:58:19'),
	(99, 13, 98, '2023-07-16 08:58:19'),
	(100, 13, 98, '2023-07-16 08:58:20'),
	(101, 13, 98, '2023-07-16 08:58:22'),
	(102, 15, 98, '2023-07-16 08:58:20'),
	(103, 13, 98, '2023-07-16 08:58:22'),
	(104, 15, 98, '2023-07-16 08:58:23'),
	(105, 13, 98, '2023-07-16 08:58:22'),
	(106, 13, 98, '2023-07-16 08:58:23'),
	(107, 13, 98, '2023-07-16 08:58:23'),
	(108, 15, 98, '2023-07-16 08:58:24'),
	(109, 13, 98, '2023-07-16 08:58:24'),
	(110, 13, 98, '2023-07-16 08:58:24'),
	(111, 13, 98, '2023-07-16 08:58:26'),
	(112, 15, 98, '2023-07-16 08:58:25'),
	(113, 13, 98, '2023-07-16 08:58:25'),
	(114, 13, 98, '2023-07-16 08:58:25'),
	(115, 13, 98, '2023-07-16 08:58:26'),
	(116, 13, 98, '2023-07-16 08:58:29'),
	(117, 13, 98, '2023-07-16 08:58:26'),
	(118, 13, 98, '2023-07-16 08:58:27'),
	(119, 13, 98, '2023-07-16 08:58:27'),
	(120, 13, 98, '2023-07-16 08:58:27'),
	(121, 13, 98, '2023-07-16 08:58:29'),
	(122, 13, 98, '2023-07-16 08:58:29'),
	(123, 13, 98, '2023-07-16 08:58:30'),
	(124, 13, 98, '2023-07-16 08:58:30'),
	(125, 13, 98, '2023-07-16 08:58:31'),
	(126, 13, 98, '2023-07-16 08:58:31'),
	(127, 13, 98, '2023-07-16 08:58:30'),
	(128, 13, 98, '2023-07-16 08:58:31'),
	(129, 15, 98, '2023-07-16 08:58:33'),
	(130, 13, 98, '2023-07-16 08:58:32'),
	(131, 13, 98, '2023-07-16 08:58:32'),
	(132, 15, 98, '2023-07-16 08:58:32'),
	(133, 15, 98, '2023-07-16 08:58:33'),
	(134, 13, 98, '2023-07-16 08:58:34'),
	(135, 15, 98, '2023-07-16 08:58:33'),
	(136, 13, 98, '2023-07-16 08:58:34'),
	(137, 13, 98, '2023-07-16 08:58:34'),
	(138, 13, 98, '2023-07-16 08:58:36'),
	(139, 13, 98, '2023-07-16 08:58:36'),
	(140, 13, 98, '2023-07-16 08:58:36'),
	(141, 13, 98, '2023-07-16 08:58:37'),
	(142, 13, 98, '2023-07-16 08:58:50'),
	(143, 13, 98, '2023-07-16 08:58:37'),
	(144, 13, 98, '2023-07-16 08:58:37'),
	(145, 13, 98, '2023-07-16 08:58:50'),
	(146, 13, 98, '2023-07-16 08:58:50'),
	(147, 13, 98, '2023-07-16 08:58:50'),
	(148, 13, 98, '2023-07-16 08:58:50'),
	(149, 13, 98, '2023-07-16 08:58:50'),
	(150, 13, 98, '2023-07-16 08:58:50'),
	(151, 13, 98, '2023-07-16 08:58:50'),
	(152, 13, 98, '2023-07-16 08:58:50'),
	(153, 13, 98, '2023-07-16 08:58:50'),
	(154, 13, 98, '2023-07-16 08:58:50'),
	(155, 13, 98, '2023-07-16 08:58:50'),
	(156, 15, 98, '2023-07-16 08:58:50'),
	(157, 15, 98, '2023-07-16 08:58:50'),
	(158, 13, 98, '2023-07-16 08:58:50'),
	(159, 13, 98, '2023-07-16 08:58:50'),
	(160, 13, 98, '2023-07-16 08:58:50'),
	(161, 13, 98, '2023-07-16 08:58:50'),
	(162, 13, 98, '2023-07-16 08:58:50'),
	(163, 13, 98, '2023-07-16 08:58:50'),
	(164, 13, 98, '2023-07-16 08:58:50'),
	(165, 13, 98, '2023-07-16 08:58:50'),
	(166, 13, 98, '2023-07-16 08:58:50'),
	(167, 13, 98, '2023-07-16 08:58:50'),
	(168, 13, 98, '2023-07-16 08:58:50'),
	(169, 15, 98, '2023-07-16 08:58:50'),
	(170, 13, 98, '2023-07-16 08:58:50'),
	(171, 13, 98, '2023-07-16 08:58:51'),
	(172, 13, 98, '2023-07-16 08:58:51'),
	(173, 15, 98, '2023-07-16 08:58:51'),
	(174, 13, 98, '2023-07-16 08:58:51'),
	(175, 13, 98, '2023-07-16 08:58:51'),
	(176, 13, 98, '2023-07-16 08:58:51'),
	(177, 13, 98, '2023-07-16 08:58:51'),
	(178, 13, 98, '2023-07-16 08:58:51'),
	(179, 13, 98, '2023-07-16 08:58:51'),
	(180, 13, 98, '2023-07-16 08:58:51'),
	(181, 13, 98, '2023-07-16 08:58:51'),
	(182, 13, 98, '2023-07-16 08:58:51'),
	(183, 13, 98, '2023-07-16 08:58:51'),
	(184, 13, 98, '2023-07-16 08:58:51'),
	(185, 13, 98, '2023-07-16 08:58:51'),
	(186, 13, 98, '2023-07-16 08:58:51'),
	(187, 13, 98, '2023-07-16 08:58:51'),
	(188, 13, 98, '2023-07-16 08:58:51'),
	(189, 13, 98, '2023-07-16 08:58:51'),
	(190, 15, 98, '2023-07-16 08:58:51'),
	(191, 1, 10, '2023-07-16 08:58:51'),
	(192, 15, 98, '2023-07-16 08:58:51'),
	(193, 15, 98, '2023-07-16 08:58:51'),
	(194, 13, 98, '2023-07-16 08:58:51'),
	(195, 13, 98, '2023-07-16 08:58:51'),
	(196, 13, 98, '2023-07-16 08:58:51'),
	(197, 13, 98, '2023-07-16 08:58:51'),
	(198, 13, 98, '2023-07-16 08:58:51'),
	(199, 1, 10, '2023-07-16 08:58:51'),
	(200, 15, 98, '2023-07-16 08:58:51'),
	(201, 13, 98, '2023-07-16 08:58:51'),
	(202, 15, 98, '2023-07-16 08:58:51'),
	(203, 15, 98, '2023-07-16 08:58:51'),
	(204, 15, 98, '2023-07-16 08:58:51'),
	(205, 15, 98, '2023-07-16 08:58:51'),
	(206, 1, 10, '2023-07-16 08:58:51'),
	(207, 15, 98, '2023-07-16 08:58:51'),
	(208, 1, 10, '2023-07-16 08:58:51'),
	(209, 15, 98, '2023-07-16 08:58:51'),
	(210, 15, 98, '2023-07-16 08:58:51'),
	(211, 1, 10, '2023-07-16 08:58:51'),
	(212, 15, 98, '2023-07-16 08:58:51'),
	(213, 15, 98, '2023-07-16 08:58:51'),
	(214, 15, 98, '2023-07-16 08:58:51'),
	(215, 15, 98, '2023-07-16 08:58:51'),
	(216, 15, 98, '2023-07-16 08:58:51'),
	(217, 15, 98, '2023-07-16 08:58:52'),
	(218, 15, 98, '2023-07-16 08:58:52'),
	(219, 15, 98, '2023-07-16 08:58:51'),
	(220, 15, 98, '2023-07-16 08:58:52'),
	(221, 15, 98, '2023-07-16 08:58:52'),
	(222, 15, 98, '2023-07-16 08:58:52'),
	(223, 15, 98, '2023-07-16 08:58:52'),
	(224, 15, 98, '2023-07-16 08:58:52'),
	(225, 15, 98, '2023-07-16 08:58:52'),
	(226, 15, 98, '2023-07-16 08:58:52'),
	(227, 15, 98, '2023-07-16 08:58:52'),
	(228, 15, 98, '2023-07-16 08:58:52'),
	(229, 15, 98, '2023-07-16 08:58:52'),
	(230, 15, 98, '2023-07-16 08:58:52'),
	(231, 15, 98, '2023-07-16 08:58:52'),
	(232, 1, 10, '2023-07-16 08:58:52'),
	(233, 15, 98, '2023-07-16 08:58:52'),
	(234, 15, 98, '2023-07-16 08:58:52'),
	(235, 15, 98, '2023-07-16 08:58:52'),
	(236, 15, 98, '2023-07-16 08:58:52'),
	(237, 15, 98, '2023-07-16 08:58:52'),
	(238, 15, 98, '2023-07-16 08:58:52'),
	(239, 15, 98, '2023-07-16 08:58:52'),
	(240, 15, 98, '2023-07-16 08:58:52'),
	(241, 15, 98, '2023-07-16 08:58:52'),
	(242, 15, 98, '2023-07-16 08:58:52'),
	(243, 15, 98, '2023-07-16 08:58:52'),
	(244, 1, 10, '2023-07-16 08:58:52'),
	(245, 1, 10, '2023-07-16 08:58:52'),
	(246, 1, 10, '2023-07-16 08:58:52'),
	(247, 15, 98, '2023-07-16 08:58:52'),
	(248, 15, 98, '2023-07-16 08:58:52'),
	(249, 1, 10, '2023-07-16 08:58:52'),
	(250, 15, 98, '2023-07-16 08:58:52'),
	(251, 15, 98, '2023-07-16 08:58:52'),
	(252, 15, 98, '2023-07-16 08:58:52'),
	(253, 15, 98, '2023-07-16 08:58:52'),
	(254, 15, 98, '2023-07-16 08:58:52'),
	(255, 15, 98, '2023-07-16 08:58:52'),
	(256, 1, 10, '2023-07-16 08:58:52'),
	(257, 15, 98, '2023-07-16 08:58:52'),
	(258, 15, 98, '2023-07-16 08:58:52'),
	(259, 15, 98, '2023-07-16 08:58:52'),
	(260, 15, 98, '2023-07-16 08:58:52'),
	(261, 15, 98, '2023-07-16 08:58:52'),
	(262, 15, 98, '2023-07-16 08:58:52'),
	(263, 15, 98, '2023-07-16 08:58:53'),
	(264, 15, 98, '2023-07-16 08:58:52'),
	(265, 15, 98, '2023-07-16 08:58:52'),
	(266, 15, 98, '2023-07-16 08:58:53'),
	(267, 15, 98, '2023-07-16 08:58:53'),
	(268, 15, 98, '2023-07-16 08:58:53'),
	(269, 15, 98, '2023-07-16 08:58:53'),
	(270, 15, 98, '2023-07-16 08:58:53'),
	(271, 15, 98, '2023-07-16 08:58:53'),
	(272, 15, 98, '2023-07-16 08:58:53'),
	(273, 1, 10, '2023-07-16 08:58:53'),
	(274, 15, 98, '2023-07-16 08:58:53'),
	(275, 15, 98, '2023-07-16 08:58:53'),
	(276, 1, 10, '2023-07-16 08:58:53'),
	(277, 1, 10, '2023-07-16 08:58:53'),
	(278, 1, 10, '2023-07-16 08:58:53'),
	(279, 15, 98, '2023-07-16 08:58:53'),
	(280, 15, 98, '2023-07-16 08:58:53'),
	(281, 15, 98, '2023-07-16 08:58:53'),
	(282, 15, 98, '2023-07-16 08:58:53'),
	(283, 15, 98, '2023-07-16 08:58:53'),
	(284, 15, 98, '2023-07-16 08:58:53'),
	(285, 15, 98, '2023-07-16 08:58:53'),
	(286, 15, 98, '2023-07-16 08:58:53'),
	(287, 15, 98, '2023-07-16 08:58:53'),
	(288, 15, 98, '2023-07-16 08:58:53'),
	(289, 15, 98, '2023-07-16 08:58:53'),
	(290, 15, 98, '2023-07-16 08:58:53'),
	(291, 15, 98, '2023-07-16 08:58:53'),
	(292, 15, 98, '2023-07-16 08:58:53'),
	(293, 15, 98, '2023-07-16 08:58:53'),
	(294, 15, 98, '2023-07-16 08:58:53'),
	(295, 15, 98, '2023-07-16 08:58:53'),
	(296, 15, 98, '2023-07-16 08:58:54'),
	(297, 15, 98, '2023-07-16 08:58:54'),
	(298, 15, 98, '2023-07-16 08:58:53'),
	(299, 1, 10, '2023-07-16 08:58:54'),
	(300, 15, 98, '2023-07-16 08:58:54'),
	(301, 15, 98, '2023-07-16 08:58:54'),
	(302, 15, 98, '2023-07-16 08:58:54'),
	(303, 1, 10, '2023-07-16 08:58:54'),
	(304, 15, 98, '2023-07-16 08:58:54'),
	(305, 15, 98, '2023-07-16 08:58:54'),
	(306, 15, 98, '2023-07-16 08:58:54'),
	(307, 15, 98, '2023-07-16 08:58:54'),
	(308, 15, 98, '2023-07-16 08:58:54'),
	(309, 15, 98, '2023-07-16 08:58:54'),
	(310, 15, 98, '2023-07-16 08:58:54'),
	(311, 15, 98, '2023-07-16 08:58:54'),
	(312, 1, 10, '2023-07-16 08:58:54'),
	(313, 15, 98, '2023-07-16 08:58:54'),
	(314, 15, 98, '2023-07-16 08:58:54'),
	(315, 15, 98, '2023-07-16 08:58:54'),
	(316, 15, 98, '2023-07-16 08:58:54'),
	(317, 15, 98, '2023-07-16 08:58:54'),
	(318, 15, 98, '2023-07-16 08:58:54'),
	(319, 15, 98, '2023-07-16 08:58:54'),
	(320, 15, 98, '2023-07-16 08:58:54'),
	(321, 15, 98, '2023-07-16 08:58:54'),
	(322, 1, 10, '2023-07-16 08:58:54'),
	(323, 15, 98, '2023-07-16 08:58:54'),
	(324, 15, 98, '2023-07-16 08:58:54'),
	(325, 15, 98, '2023-07-16 08:58:54'),
	(326, 15, 98, '2023-07-16 08:58:54'),
	(327, 15, 98, '2023-07-16 08:58:54'),
	(328, 15, 98, '2023-07-16 08:58:54'),
	(329, 15, 98, '2023-07-16 08:58:54'),
	(330, 15, 98, '2023-07-16 08:58:54'),
	(331, 15, 98, '2023-07-16 08:58:54'),
	(332, 1, 10, '2023-07-16 08:58:54'),
	(333, 15, 98, '2023-07-16 08:58:54'),
	(334, 1, 10, '2023-07-16 08:58:54'),
	(335, 15, 98, '2023-07-16 08:58:54'),
	(336, 1, 10, '2023-07-16 08:58:54'),
	(337, 15, 98, '2023-07-16 08:58:55'),
	(338, 15, 98, '2023-07-16 08:58:55'),
	(339, 15, 98, '2023-07-16 08:58:55'),
	(340, 15, 98, '2023-07-16 08:58:55'),
	(341, 1, 10, '2023-07-16 08:58:55'),
	(342, 15, 98, '2023-07-16 08:58:55'),
	(343, 1, 10, '2023-07-16 08:58:55'),
	(344, 1, 10, '2023-07-16 08:58:55'),
	(345, 1, 10, '2023-07-16 08:58:55'),
	(346, 1, 10, '2023-07-16 08:58:55'),
	(347, 1, 10, '2023-07-16 08:58:55'),
	(348, 1, 10, '2023-07-16 08:58:55'),
	(349, 1, 10, '2023-07-16 08:58:55'),
	(350, 1, 10, '2023-07-16 08:58:55'),
	(351, 1, 10, '2023-07-16 08:58:55'),
	(352, 1, 10, '2023-07-16 08:58:55'),
	(353, 1, 10, '2023-07-16 08:58:55'),
	(354, 1, 10, '2023-07-16 08:58:55'),
	(355, 1, 10, '2023-07-16 08:58:55'),
	(356, 1, 10, '2023-07-16 08:58:55'),
	(357, 1, 10, '2023-07-16 08:58:55'),
	(358, 1, 10, '2023-07-16 08:58:55'),
	(359, 1, 10, '2023-07-16 08:58:55'),
	(360, 1, 10, '2023-07-16 08:58:55'),
	(361, 1, 10, '2023-07-16 08:58:55'),
	(362, 1, 10, '2023-07-16 08:58:55'),
	(363, 1, 10, '2023-07-16 08:58:55'),
	(364, 1, 10, '2023-07-16 08:58:55'),
	(365, 1, 10, '2023-07-16 08:58:55'),
	(366, 1, 10, '2023-07-16 08:58:55'),
	(367, 1, 10, '2023-07-16 08:58:55'),
	(368, 1, 10, '2023-07-16 08:58:55'),
	(369, 1, 10, '2023-07-16 08:58:55'),
	(370, 1, 10, '2023-07-16 08:58:56'),
	(371, 1, 10, '2023-07-16 08:58:55'),
	(372, 1, 10, '2023-07-16 08:58:55'),
	(373, 1, 10, '2023-07-16 08:58:56'),
	(374, 1, 10, '2023-07-16 08:58:56'),
	(375, 1, 10, '2023-07-16 08:58:56'),
	(376, 1, 10, '2023-07-16 08:58:56'),
	(377, 1, 10, '2023-07-16 08:58:56'),
	(378, 1, 10, '2023-07-16 08:58:56'),
	(379, 1, 10, '2023-07-16 08:58:56'),
	(380, 1, 10, '2023-07-16 08:58:56'),
	(381, 1, 10, '2023-07-16 08:58:56'),
	(382, 1, 10, '2023-07-16 08:58:56'),
	(383, 1, 10, '2023-07-16 08:58:56'),
	(384, 1, 10, '2023-07-16 08:58:56'),
	(385, 1, 10, '2023-07-16 08:58:56'),
	(386, 1, 10, '2023-07-16 08:58:56'),
	(387, 1, 10, '2023-07-16 08:58:56'),
	(388, 1, 10, '2023-07-16 08:58:56'),
	(389, 1, 10, '2023-07-16 08:58:56'),
	(390, 1, 10, '2023-07-16 08:58:56'),
	(391, 1, 10, '2023-07-16 08:58:56'),
	(392, 1, 10, '2023-07-16 08:58:56'),
	(393, 1, 10, '2023-07-16 08:58:56'),
	(394, 1, 10, '2023-07-16 08:58:56'),
	(395, 1, 10, '2023-07-16 08:58:56'),
	(396, 1, 10, '2023-07-16 08:58:56'),
	(397, 1, 10, '2023-07-16 08:58:56'),
	(398, 1, 10, '2023-07-16 08:58:56'),
	(399, 1, 10, '2023-07-16 08:58:56'),
	(400, 1, 10, '2023-07-16 08:58:56'),
	(401, 1, 10, '2023-07-16 08:58:56'),
	(402, 1, 10, '2023-07-16 08:58:56'),
	(403, 1, 10, '2023-07-16 08:58:56'),
	(404, 1, 10, '2023-07-16 08:58:56'),
	(405, 1, 10, '2023-07-16 08:58:56'),
	(406, 1, 10, '2023-07-16 08:58:56'),
	(407, 1, 10, '2023-07-16 08:58:56'),
	(408, 1, 10, '2023-07-16 08:58:56'),
	(409, 1, 10, '2023-07-16 08:58:56'),
	(410, 1, 10, '2023-07-16 08:58:56'),
	(411, 1, 10, '2023-07-16 08:58:56'),
	(412, 1, 10, '2023-07-16 08:58:56'),
	(413, 1, 10, '2023-07-16 08:58:56'),
	(414, 1, 10, '2023-07-16 08:58:57'),
	(415, 1, 10, '2023-07-16 08:58:56'),
	(416, 1, 10, '2023-07-16 08:58:57'),
	(417, 1, 10, '2023-07-16 08:58:57'),
	(418, 1, 10, '2023-07-16 08:58:57'),
	(419, 1, 10, '2023-07-16 08:58:57'),
	(420, 1, 10, '2023-07-16 08:58:57'),
	(421, 1, 10, '2023-07-16 08:58:57'),
	(422, 1, 10, '2023-07-16 08:58:57'),
	(423, 1, 10, '2023-07-16 08:58:57'),
	(424, 1, 10, '2023-07-16 08:58:57'),
	(425, 1, 10, '2023-07-16 08:58:57'),
	(426, 1, 10, '2023-07-16 08:58:57'),
	(427, 1, 10, '2023-07-16 08:58:57'),
	(428, 1, 10, '2023-07-16 08:58:57'),
	(429, 1, 10, '2023-07-16 08:58:57'),
	(430, 1, 10, '2023-07-16 08:58:57'),
	(431, 1, 10, '2023-07-16 08:58:57'),
	(432, 1, 10, '2023-07-16 08:58:57'),
	(433, 1, 10, '2023-07-16 08:58:57'),
	(434, 1, 10, '2023-07-16 08:58:57'),
	(435, 1, 10, '2023-07-16 08:58:57'),
	(436, 1, 10, '2023-07-16 08:58:57'),
	(437, 1, 10, '2023-07-16 08:58:57'),
	(438, 1, 10, '2023-07-16 08:58:57'),
	(439, 1, 10, '2023-07-16 08:58:57'),
	(440, 1, 10, '2023-07-16 08:58:57'),
	(441, 1, 10, '2023-07-16 08:58:57'),
	(442, 1, 10, '2023-07-16 08:58:57'),
	(443, 1, 10, '2023-07-16 08:58:57'),
	(444, 1, 10, '2023-07-16 08:58:57'),
	(445, 1, 10, '2023-07-16 08:58:57'),
	(446, 1, 10, '2023-07-16 08:58:57'),
	(447, 1, 10, '2023-07-16 08:58:57'),
	(448, 1, 10, '2023-07-16 08:58:57'),
	(449, 1, 10, '2023-07-16 08:58:57'),
	(450, 1, 10, '2023-07-16 08:58:57'),
	(451, 1, 10, '2023-07-16 08:58:57'),
	(452, 1, 10, '2023-07-16 08:58:57'),
	(453, 1, 10, '2023-07-16 08:58:57'),
	(454, 1, 10, '2023-07-16 08:58:57'),
	(455, 1, 10, '2023-07-16 08:58:57'),
	(456, 1, 10, '2023-07-16 08:58:57'),
	(457, 1, 10, '2023-07-16 08:58:57'),
	(458, 1, 10, '2023-07-16 08:58:58'),
	(459, 1, 10, '2023-07-16 08:58:58'),
	(460, 1, 10, '2023-07-16 08:58:57'),
	(461, 1, 10, '2023-07-16 08:58:57'),
	(462, 1, 10, '2023-07-16 08:58:58'),
	(463, 3, 45, '2023-07-16 09:27:19'),
	(464, 4, 33, '2023-07-16 09:27:20'),
	(465, 7, 50, '2023-07-16 09:27:20'),
	(466, 2, 20, '2023-07-16 09:27:20'),
	(467, 13, 98, '2023-07-16 09:27:20'),
	(468, 15, 98, '2023-07-16 09:27:20'),
	(469, 1, 10, '2023-07-16 09:27:20'),
	(470, 3, 45, '2023-07-16 09:27:26'),
	(471, 4, 33, '2023-07-16 09:27:26'),
	(472, 7, 50, '2023-07-16 09:27:26'),
	(473, 2, 20, '2023-07-16 09:27:26'),
	(474, 13, 98, '2023-07-16 09:27:26'),
	(475, 15, 98, '2023-07-16 09:27:26'),
	(476, 1, 10, '2023-07-16 09:27:26'),
	(477, 3, 45, '2023-07-16 09:38:33'),
	(478, 4, 33, '2023-07-16 09:38:33'),
	(479, 7, 50, '2023-07-16 09:38:33'),
	(480, 2, 20, '2023-07-16 09:38:33'),
	(481, 13, 98, '2023-07-16 09:38:33'),
	(482, 15, 98, '2023-07-16 09:38:34'),
	(483, 1, 10, '2023-07-16 09:38:34'),
	(484, 3, 45, '2023-07-16 10:00:15'),
	(485, 4, 33, '2023-07-16 10:00:17'),
	(486, 7, 50, '2023-07-16 10:00:17'),
	(487, 2, 20, '2023-07-16 10:00:17'),
	(488, 13, 98, '2023-07-16 10:00:18'),
	(489, 15, 98, '2023-07-16 10:00:18'),
	(490, 1, 10, '2023-07-16 10:00:18'),
	(491, 3, 45, '2023-07-16 20:05:13'),
	(492, 4, 33, '2023-07-16 20:05:14'),
	(493, 7, 50, '2023-07-16 20:05:14'),
	(494, 2, 20, '2023-07-16 20:05:14'),
	(495, 13, 98, '2023-07-16 20:05:14'),
	(496, 15, 98, '2023-07-16 20:05:14'),
	(497, 1, 10, '2023-07-16 20:05:14'),
	(498, 3, 45, '2023-07-16 20:31:41'),
	(499, 4, 33, '2023-07-16 20:31:42'),
	(500, 7, 50, '2023-07-16 20:31:42'),
	(501, 2, 20, '2023-07-16 20:31:42'),
	(502, 13, 98, '2023-07-16 20:31:42'),
	(503, 15, 98, '2023-07-16 20:31:42'),
	(504, 1, 10, '2023-07-16 20:31:42'),
	(505, 3, 45, '2023-07-16 20:47:25'),
	(506, 4, 33, '2023-07-16 20:47:26'),
	(507, 7, 50, '2023-07-16 20:47:27'),
	(508, 2, 20, '2023-07-16 20:47:27'),
	(509, 13, 98, '2023-07-16 20:47:27'),
	(510, 15, 98, '2023-07-16 20:47:27'),
	(511, 1, 10, '2023-07-16 20:47:27'),
	(512, 3, 45, '2023-07-16 20:47:27'),
	(513, 4, 33, '2023-07-16 20:47:28'),
	(514, 7, 50, '2023-07-16 20:47:28'),
	(515, 2, 20, '2023-07-16 20:47:28'),
	(516, 13, 98, '2023-07-16 20:47:28'),
	(517, 15, 98, '2023-07-16 20:47:28'),
	(518, 1, 10, '2023-07-16 20:47:28'),
	(519, 3, 45, '2023-07-16 20:47:57'),
	(520, 4, 33, '2023-07-16 20:47:58'),
	(521, 3, 45, '2023-07-16 20:47:58'),
	(522, 4, 33, '2023-07-16 20:47:58'),
	(523, 7, 50, '2023-07-16 20:47:58'),
	(524, 7, 50, '2023-07-16 20:47:58'),
	(525, 3, 45, '2023-07-16 20:47:58'),
	(526, 2, 20, '2023-07-16 20:47:58'),
	(527, 2, 20, '2023-07-16 20:47:58'),
	(528, 4, 33, '2023-07-16 20:47:58'),
	(529, 13, 98, '2023-07-16 20:47:58'),
	(530, 7, 50, '2023-07-16 20:47:58'),
	(531, 13, 98, '2023-07-16 20:47:58'),
	(532, 15, 98, '2023-07-16 20:47:58'),
	(533, 2, 20, '2023-07-16 20:47:58'),
	(534, 1, 10, '2023-07-16 20:47:58'),
	(535, 15, 98, '2023-07-16 20:47:58'),
	(536, 1, 10, '2023-07-16 20:47:58'),
	(537, 13, 98, '2023-07-16 20:47:58'),
	(538, 15, 98, '2023-07-16 20:47:59'),
	(539, 1, 10, '2023-07-16 20:47:59'),
	(540, 3, 45, '2023-07-16 20:48:06'),
	(541, 4, 33, '2023-07-16 20:48:06'),
	(542, 7, 50, '2023-07-16 20:48:06'),
	(543, 2, 20, '2023-07-16 20:48:07'),
	(544, 13, 98, '2023-07-16 20:48:07'),
	(545, 15, 98, '2023-07-16 20:48:07'),
	(546, 1, 10, '2023-07-16 20:48:07'),
	(547, 3, 45, '2023-07-16 21:15:48'),
	(548, 4, 33, '2023-07-16 21:15:48'),
	(549, 7, 50, '2023-07-16 21:15:48'),
	(550, 2, 20, '2023-07-16 21:15:48'),
	(551, 13, 98, '2023-07-16 21:15:49'),
	(552, 15, 98, '2023-07-16 21:15:49'),
	(553, 1, 10, '2023-07-16 21:15:49');
/*!40000 ALTER TABLE `drone_log` ENABLE KEYS */;

-- Volcando estructura para tabla musala.drone_medication
CREATE TABLE IF NOT EXISTS `drone_medication` (
  `id` int(11) NOT NULL AUTO_INCREMENT,
  `drone_id` int(10) NOT NULL,
  `medication_id` int(11) NOT NULL,
  `timelog` datetime DEFAULT NULL,
  PRIMARY KEY (`id`),
  KEY `FK_dron_medication_dron` (`drone_id`) USING BTREE,
  KEY `FK_drone_medication_medication` (`medication_id`),
  CONSTRAINT `FK_drone_medication_drone` FOREIGN KEY (`drone_id`) REFERENCES `drone` (`id`) ON DELETE NO ACTION ON UPDATE NO ACTION,
  CONSTRAINT `FK_drone_medication_medication` FOREIGN KEY (`medication_id`) REFERENCES `medication` (`id`) ON DELETE NO ACTION ON UPDATE NO ACTION
) ENGINE=InnoDB AUTO_INCREMENT=31 DEFAULT CHARSET=utf8mb4 COLLATE=utf8mb4_unicode_ci;

-- Volcando datos para la tabla musala.drone_medication: ~12 rows (aproximadamente)
DELETE FROM `drone_medication`;
/*!40000 ALTER TABLE `drone_medication` DISABLE KEYS */;
INSERT INTO `drone_medication` (`id`, `drone_id`, `medication_id`, `timelog`) VALUES
	(1, 3, 3, NULL),
	(3, 3, 5, NULL),
	(4, 13, 1, '2023-07-15 07:45:58'),
	(5, 13, 2, '2023-07-15 07:45:59'),
	(6, 13, 3, '2023-07-15 07:45:59'),
	(9, 13, 6, '2023-07-15 07:46:00'),
	(11, 13, 8, '2023-07-15 07:46:00'),
	(13, 13, 10, '2023-07-15 07:46:00'),
	(14, 15, 3, '2023-07-15 07:55:06'),
	(16, 15, 2, '2023-07-15 07:55:06'),
	(29, 4, 3, '2023-07-15 22:55:49'),
	(30, 4, 1, '2023-07-15 22:55:50');
/*!40000 ALTER TABLE `drone_medication` ENABLE KEYS */;

-- Volcando estructura para tabla musala.medication
CREATE TABLE IF NOT EXISTS `medication` (
  `id` int(11) NOT NULL AUTO_INCREMENT,
  `name` char(150) NOT NULL COMMENT 'allowed only letters, numbers, ‘-‘, ‘_’',
  `weight` float NOT NULL,
  `code` char(50) NOT NULL COMMENT 'allowed only upper case letters, underscore and numbers',
  `image` varchar(255) DEFAULT NULL,
  PRIMARY KEY (`id`),
  UNIQUE KEY `name` (`name`)
) ENGINE=InnoDB AUTO_INCREMENT=17 DEFAULT CHARSET=utf8mb4 COLLATE=utf8mb4_unicode_ci;

-- Volcando datos para la tabla musala.medication: ~13 rows (aproximadamente)
DELETE FROM `medication`;
/*!40000 ALTER TABLE `medication` DISABLE KEYS */;
INSERT INTO `medication` (`id`, `name`, `weight`, `code`, `image`) VALUES
	(1, 'Famciclovir', 50, 'asd45', NULL),
	(2, 'Farbital', 120, 'fa98', NULL),
	(3, 'Felbamato', 399, 'fel34', NULL),
	(4, 'Femtest', 250, 'jsj', NULL),
	(5, 'Fenofibrato', 450, 'hs', NULL),
	(6, 'Fentanilo', 300, '54', NULL),
	(7, 'Xadago', 94, 'xa344', NULL),
	(8, 'Xigduo', 320, 'df', NULL),
	(9, 'Oxibato de sodio', 80, 'sds', NULL),
	(10, 'Abraxane', 210, 'df', NULL),
	(11, 'Elemento-1', 1.5, 'A', NULL),
	(12, 'Elemento_2', 2.7, 'B', NULL),
	(13, 'Elemento-_3', 0.8, 'C', NULL);
/*!40000 ALTER TABLE `medication` ENABLE KEYS */;

-- Volcando estructura para tabla musala.model
CREATE TABLE IF NOT EXISTS `model` (
  `id` int(11) NOT NULL AUTO_INCREMENT,
  `name` char(15) NOT NULL,
  PRIMARY KEY (`id`)
) ENGINE=InnoDB AUTO_INCREMENT=5 DEFAULT CHARSET=utf8mb4 COLLATE=utf8mb4_unicode_ci COMMENT='Dron´s models\r\n\r\n0-149, 150-249, 250-349, 350-500 depending of the name';

-- Volcando datos para la tabla musala.model: ~4 rows (aproximadamente)
DELETE FROM `model`;
/*!40000 ALTER TABLE `model` DISABLE KEYS */;
INSERT INTO `model` (`id`, `name`) VALUES
	(1, 'Lightweight'),
	(2, 'Middleweight'),
	(3, 'Cruiserweight'),
	(4, 'Heavyweight');
/*!40000 ALTER TABLE `model` ENABLE KEYS */;

-- Volcando estructura para tabla musala.state
CREATE TABLE IF NOT EXISTS `state` (
  `id` int(11) NOT NULL AUTO_INCREMENT,
  `name` char(15) NOT NULL,
  PRIMARY KEY (`id`)
) ENGINE=InnoDB AUTO_INCREMENT=7 DEFAULT CHARSET=utf8mb4 COLLATE=utf8mb4_unicode_ci COMMENT='drones states';

-- Volcando datos para la tabla musala.state: ~6 rows (aproximadamente)
DELETE FROM `state`;
/*!40000 ALTER TABLE `state` DISABLE KEYS */;
INSERT INTO `state` (`id`, `name`) VALUES
	(1, 'IDLE'),
	(2, 'LOADING'),
	(3, 'LOADED'),
	(4, 'DELIVERING'),
	(5, 'DELIVERED'),
	(6, 'RETURNING');
/*!40000 ALTER TABLE `state` ENABLE KEYS */;

/*!40101 SET SQL_MODE=IFNULL(@OLD_SQL_MODE, '') */;
/*!40014 SET FOREIGN_KEY_CHECKS=IFNULL(@OLD_FOREIGN_KEY_CHECKS, 1) */;
/*!40101 SET CHARACTER_SET_CLIENT=@OLD_CHARACTER_SET_CLIENT */;
/*!40111 SET SQL_NOTES=IFNULL(@OLD_SQL_NOTES, 1) */;
